idx,x,y
100,1.42897221274,-0.162666944612
0,0,1.5
