{
    "M": 500,
    "T": 0.5,
    "dt": 0.01,
    "es": [
        0.0,
        0.05,
        0.1,
        0.15000000000000002,
        0.2,
        0.25,
        0.30000000000000004,
        0.35000000000000003,
        0.4,
        0.45,
        0.5,
        0.55,
        0.6000000000000001,
        0.65,
        0.7000000000000001,
        0.75,
        0.8,
        0.8500000000000001,
        0.9,
        0.9500000000000001
    ],
    "header": [
        "name",
        "method",
        "dt",
        "T",
        "M",
        "es",
        "ns"
    ],
    "method": "plot",
    "name": "RodosLCEs",
    "ns": [
        0.0,
        -0.01861319795002638,
        -0.02745285542577362,
        -0.023899662330505205,
        -0.025172555730532314,
        -0.025140061684798563,
        -0.0249966002474956,
        -0.024717684890528526,
        -0.024675696423299632,
        -0.024043697233444326,
        -0.025913307235456012,
        -0.02462444528186258,
        -0.024686782641750223,
        -0.025524169960597778,
        -0.02470565857492318,
        -0.02479792194685087,
        -0.025257222819045556,
        -0.02485239061130819,
        -0.025691104006755956,
        -0.02521415284519697
    ]
}