{"Ms":[1,101,201,301,401,501,601,701,801,901,1001,1101,1201,1301,1401],"T":0.5,"dt":0.01,"e":0.15,"header":["name","method","dt","T","Ms","e","ns"],"method":"plot","name":"RodosLCEs","ns":[-0.03604114836091163,-0.022732361247231433,-0.02326985026157817,-0.026391969217360103,-0.023861324125053658,-0.024809693358778417,-0.0250198403560003,-0.024958635950823333,-0.024325418190527276,-0.025291485159202338,-0.02186950631217217,-0.02476929712701249,-0.02214371051149417,-0.02136164826106882,-0.02113058900294144]}